Model,Accuracy
Linear SVM,0.956140350877193
RBF SVM,0.9824561403508771
Optimized RBF SVM,0.9824561403508771
